Id,Price
1461,119977.16642131595
1462,158764.14136780557
1463,182451.67205057002
1464,190944.4312986118
1465,191560.14564742695
1466,176066.40810862702
1467,171543.4456721767
1468,166563.43136208018
1469,192830.64556696828
1470,128610.50679986547
1471,190680.37616427947
1472,100035.64926845525
1473,96786.21131518054
1474,149688.91015011957
1475,115977.87849174187
1476,380363.24586224026
1477,264314.3608615661
1478,306866.5111555445
1479,295319.9987788119
1480,453117.79647702194
1481,317256.02448786603
1482,210887.19215075337
1483,171614.90630907065
1484,171649.17335067724
1485,192096.46485365732
1486,199230.43175219354
1487,324641.3785291498
1488,234432.0580763648
1489,203280.69089692924
1490,236258.57390342705
1491,198396.9077643044
1492,93816.929017831
1493,201007.55825976623
1494,299441.79013150913
1495,281475.0343439868
1496,236580.06705685635
1497,173505.77966332933
1498,165364.829428392
1499,164587.0976929066
1500,157831.31162108164
1501,173933.6084434615
1502,155844.1035711494
1503,294831.97737539327
1504,237453.01986113735
1505,220651.83601701414
1506,185610.251226704
1507,245790.908747103
1508,185963.79022332464
1509,160948.48359575344
1510,149501.42926553937
1511,145554.0065165462
1512,173938.36125662565
1513,150500.2978331581
1514,164334.9642785636
1515,198167.85725080498
1516,151023.10303234757
1517,167777.46117365063
1518,129511.3888050839
1519,221621.892732435
1520,132906.15288366636
1521,131849.99173642104
1522,177837.1025406543
1523,108224.00044624011
1524,120355.91498907644
1525,117738.25917115476
1526,111987.91340016897
1527,104507.88724126884
1528,134667.3076362315
1529,146273.15457686593
1530,194662.30010695627
1531,129750.82036054831
1532,104748.66585654978
1533,144159.20857654218
1534,121259.03254963044
1535,144907.11498348523
1536,105781.01282674419
1537,62782.15212278384
1538,163497.89222023723
1539,204700.92828348852
1540,119563.89301120793
1541,138545.45680269197
1542,134901.43261625484
1543,190695.76595538764
1544,87068.73055114842
1545,114774.52419646949
1546,138883.45400549792
1547,135274.93935561087
1548,138782.98104948908
1549,123676.5189311936
1550,143476.9634099006
1551,119823.02688065777
1552,153199.56432372364
1553,159399.13111921644
1554,116387.9283226448
1555,162514.77355853433
1556,85077.22894840049
1557,105062.24739740294
1558,104536.73181447628
1559,82333.28549073334
1560,133230.54487556007
1561,133940.62260291693
1562,130393.93273288198
1563,125888.3144719825
1564,158493.84021741356
1565,154579.68000717624
1566,245728.56549072184
1567,73117.38612131763
1568,232882.78323165068
1569,132170.4185603936
1570,148670.83912218598
1571,111100.36457097929
1572,142586.1050075549
1573,264485.252182297
1574,123911.64653178363
1575,240763.3949003839
1576,235639.41225857107
1577,191800.0026108116
1578,147978.11344957392
1579,143468.3228662964
1580,192736.81411244938
1581,158444.24582251173
1582,132945.02574056856
1583,295747.02319034777
1584,231047.0177011608
1585,142965.86287336142
1586,71634.37245114124
1587,106159.98030052823
1588,154101.5431339506
1589,101485.1537320146
1590,130788.42276987349
1591,95858.7420055032
1592,121952.77377962049
1593,139540.04652660224
1594,140945.8334906213
1595,114284.99699697937
1596,218289.42368691886
1597,194731.91060132775
1598,203334.31984812394
1599,199723.9798035168
1600,187910.80776947853
1601,66826.06514348855
1602,121903.2403035643
1603,79529.62777253725
1604,275233.53747361776
1605,249364.06615874695
1606,162690.22570942497
1607,179786.73558643323
1608,224927.17849154456
1609,191489.56417009153
1610,154960.67403070777
1611,140385.93425543114
1612,174598.82735354078
1613,169506.4515683437
1614,138388.28952410113
1615,96926.26029710678
1616,78965.49260517984
1617,92432.73458213851
1618,127351.28900181575
1619,147917.60200208606
1620,171502.87330007882
1621,132045.85477935258
1622,146549.40763662642
1623,270446.50052948936
1624,214152.87258888045
1625,121841.02252912322
1626,169153.43707929138
1627,184563.71971133718
1628,284023.1919091773
1629,182015.40163091422
1630,337499.3380092919
1631,217004.9952485019
1632,231088.08165475779
1633,187704.46993100573
1634,189549.36153788795
1635,179337.4085670589
1636,153443.56888354395
1637,185573.36487708194
1638,194064.62937659217
1639,182281.94318577915
1640,247770.75599907542
1641,177996.85236239125
1642,237815.98956308508
1643,213873.06949459855
1644,226259.99285674613
1645,200869.0249613192
1646,163897.41616887818
1647,161969.3618517965
1648,130380.22247561546
1649,136893.888278493
1650,124079.67682169963
1651,124605.4315019192
1652,100573.25250090913
1653,100624.36836641215
1654,149425.7085197196
1655,140552.21665793654
1656,144183.2396990364
1657,151135.28807459184
1658,154442.21702262398
1659,129038.73322866631
1660,150823.78655684064
1661,415249.38190886966
1662,381730.8012463527
1663,378603.9765919382
1664,439047.05764629634
1665,321020.76066296344
1666,328218.23786255496
1667,366517.2514306288
1668,346559.9724428954
1669,311420.478305788
1670,356509.7373438959
1671,260206.47742897304
1672,439601.2011217588
1673,302050.0611004742
1674,254405.31350001754
1675,191839.11287686627
1676,195846.73518969855
1677,216832.57197860014
1678,461935.6376592373
1679,394225.3305942312
1680,324989.2496414257
1681,274565.36708096974
1682,308542.0389816484
1683,185588.93574642492
1684,178572.15953358336
1685,176545.52472349544
1686,168133.81290502867
1687,174813.10759514914
1688,191703.0997067943
1689,197839.50684456446
1690,199094.77772040057
1691,191190.45239972824
1692,270894.8994119694
1693,176829.12834508932
1694,185135.64809364278
1695,171655.20320903597
1696,268866.8658863927
1697,175193.32498239476
1698,338670.50778496044
1699,315202.28406779247
1700,252773.38185609382
1701,269245.06297139014
1702,240431.88915524376
1703,243951.5525280277
1704,273918.87023438036
1705,246575.67326175334
1706,404753.9418175725
1707,220725.5196487434
1708,209764.89913015734
1709,257339.76602425097
1710,218923.48654699003
1711,271020.9596679174
1712,256360.95005825712
1713,279071.59997274645
1714,216599.93066386943
1715,207229.81669668425
1716,181104.47895488926
1717,183824.62775723365
1718,142674.27159877378
1719,211474.3329105458
1720,247526.78443081363
1721,170621.9237566989
1722,130967.96709525093
1723,159893.83913055353
1724,218911.1011072719
1725,246936.42168282188
1726,189260.92672154866
1727,160093.95816161242
1728,181012.55884351413
1729,167519.0531452753
1730,162680.36817794567
1731,122664.36877817789
1732,131099.28818156492
1733,119526.99740789025
1734,121651.79860091586
1735,129608.67265970353
1736,111266.3253271312
1737,329687.3692848034
1738,236056.65464964614
1739,260239.3311227957
1740,220839.94905533275
1741,195108.90158736153
1742,168575.38458342926
1743,173922.00558792194
1744,315352.84852247324
1745,215212.2920341577
1746,213064.3092148521
1747,215613.50370460315
1748,217433.36695723396
1749,146712.88568009672
1750,128019.1920632346
1751,239689.5621440884
1752,116550.81207335787
1753,151536.77974411772
1754,199788.81221673643
1755,165919.25405846306
1756,137764.66761811316
1757,120551.79781307865
1758,149763.23645925985
1759,163886.63607136958
1760,166551.14795878364
1761,147904.67541037605
1762,187187.86383242847
1763,178166.31228209476
1764,118354.49510230453
1765,172918.58440804292
1766,192371.13564046173
1767,218731.59438549835
1768,145556.5825072687
1769,171144.30099976884
1770,156993.838233643
1771,122384.79795789496
1772,133781.42721295872
1773,127912.49952247321
1774,139709.12989365327
1775,143839.0665311462
1776,136772.06685986373
1777,116598.43696345162
1778,149056.99979123787
1779,131114.15493686422
1780,172260.91833755863
1781,130783.9280002354
1782,90655.71487779198
1783,139286.81120519905
1784,103437.3817898602
1785,125667.22310137027
1786,152666.10768340464
1787,168120.2820627119
1788,60639.68694874171
1789,103144.87713565308
1790,88830.98788148712
1791,192368.14603008606
1792,154803.19633357765
1793,135406.8676564525
1794,159092.0309476179
1795,132788.07528249436
1796,143462.66065839544
1797,119502.66334951477
1798,126393.805018074
1799,114480.47527161427
1800,130881.95836051163
1801,124908.25975039454
1802,136572.34827506563
1803,152878.4929812942
1804,131767.41368730273
1805,139707.01809677557
1806,117496.52555228292
1807,144850.40601750932
1808,129132.28541174691
1809,125799.94162631455
1810,146529.93233945913
1811,90602.31048050328
1812,96744.82407993863
1813,124821.2198914116
1814,97325.43412194795
1815,53504.13550466263
1816,99571.82609160787
1817,117305.25951919341
1818,159693.8470771946
1819,130299.59575325491
1820,58466.854870358875
1821,114639.06282296937
1822,152629.95881652235
1823,47380.09515032047
1824,139045.83248589595
1825,140846.3570801186
1826,101397.8809979102
1827,105111.15349192705
1828,135999.8975803231
1829,132115.95975200317
1830,140414.74726703466
1831,147041.9916185372
1832,91440.03043161736
1833,146266.2147158048
1834,121092.77363922194
1835,125716.01577471197
1836,120630.9342994934
1837,86464.23452428216
1838,118110.32482945266
1839,101876.3298478148
1840,158890.44208724578
1841,131993.68478439053
1842,88699.04956754897
1843,135633.77128716075
1844,152532.11601745192
1845,147589.91507933586
1846,153145.12539536756
1847,172661.74065502983
1848,52176.04868022929
1849,126165.4673686066
1850,120023.70090469948
1851,147611.63174608265
1852,128301.27591260863
1853,130893.73204006412
1854,168175.1733003859
1855,156313.56175208784
1856,224019.07873622663
1857,152562.92298747235
1858,142169.81564448628
1859,125443.50924940957
1860,147388.06502388848
1861,124676.23194996733
1862,308164.4666084849
1863,296082.4678474384
1864,296071.0572669656
1865,357495.78479405015
1866,340693.4885082298
1867,235993.56146277522
1868,288216.14107089915
1869,205025.3538667199
1870,235741.38402581832
1871,266760.0728539071
1872,176780.81304695355
1873,241883.02903070138
1874,145218.58123461978
1875,196756.52194159589
1876,196635.3531096776
1877,213053.16480711594
1878,211019.52732488525
1879,134436.20949416875
1880,133403.1752183647
1881,244744.44608283025
1882,247023.93400389003
1883,189067.79894414163
1884,202444.127727868
1885,241515.91812587285
1886,289029.66480776476
1887,216313.69515486498
1888,271961.8363929312
1889,172925.8976601472
1890,121828.29781414304
1891,135357.59949222216
1892,106946.00743053188
1893,127057.86866313058
1894,129523.99038768013
1895,137504.6998820639
1896,125378.05136517805
1897,121555.4500442016
1898,116144.47281759616
1899,156174.06792112175
1900,157963.05872490132
1901,178616.93024839216
1902,154089.0651178983
1903,229851.2175067084
1904,144109.1617808988
1905,194868.24716993523
1906,153209.7982118953
1907,197990.4801279069
1908,118809.06590905401
1909,142263.15542146366
1910,128444.8863165396
1911,211877.53415459782
1912,295215.31738798786
1913,159622.2526869598
1914,60918.03506862848
1915,330127.3555221221
1916,63685.681037516784
1917,251004.9202240277
1918,140571.10168693488
1919,161593.65958884856
1920,151007.5782831585
1921,421288.48433194845
1922,334676.1587768986
1923,213395.14575634222
1924,224445.94820596025
1925,210522.4899948703
1926,377752.98185084807
1927,131989.4063310145
1928,164508.4088596157
1929,119812.86492082922
1930,129886.62879136311
1931,137454.80642524693
1932,131744.5654839445
1933,190864.93090464378
1934,177274.7745421636
1935,172801.5822886823
1936,195427.7565358829
1937,180395.03389151505
1938,169889.53362893287
1939,244879.748564883
1940,189501.28714520144
1941,169319.97391517583
1942,177746.58835703332
1943,218085.82883180137
1944,355709.01197094633
1945,378929.04981755326
1946,138661.984976223
1947,285594.746045912
1948,171023.0006779425
1949,241231.90597574093
1950,184921.5776733883
1951,256141.94764862378
1952,211416.63784454102
1953,172299.8903108249
1954,188724.98748999814
1955,132079.84080048942
1956,282120.43509208516
1957,154026.29424542226
1958,293204.5970959121
1959,143495.66135724474
1960,108924.7642047294
1961,126936.49689750852
1962,96061.67948654937
1963,107681.11093485483
1964,102871.95208503326
1965,140852.34032332423
1966,144161.2339544203
1967,302337.21626587166
1968,422020.030612953
1969,391701.1124722493
1970,410817.75725383195
1971,432535.0483489322
1972,357038.68788108765
1973,289871.5046814586
1974,336509.0757211567
1975,472966.06909103
1976,276632.1736807176
1977,340130.16171513556
1978,343979.71014856914
1979,321857.4737151386
1980,190443.94488603564
1981,337045.0431164558
1982,220832.8932223073
1983,207135.59244088118
1984,171629.56485757983
1985,223707.7780391735
1986,213337.56298561732
1987,190572.9052464292
1988,177846.92434101837
1989,196209.02068399204
1990,217990.48507014246
1991,234241.96373770275
1992,211777.3195364484
1993,172873.83799201032
1994,234159.36524026352
1995,185446.19421405555
1996,259969.73942605325
1997,318113.5371741527
1998,304443.0423434893
1999,282134.80100698443
2000,307403.1688241353
2001,283145.836986818
2002,248436.34912677133
2003,242921.42441680684
2004,284045.8637892055
2005,227114.58548540296
2006,228603.71501493198
2007,242552.9870281199
2008,222067.45978488872
2009,203561.940947582
2010,196330.31902540114
2011,145594.47316558586
2012,179054.5238717211
2013,185848.56959869186
2014,186069.34924397897
2015,207465.68955004922
2016,198924.95545001497
2017,200835.30046274167
2018,121634.13270456038
2019,131449.7042021531
2020,92426.10961308768
2021,110410.7992467777
2022,186090.57924021294
2023,136416.18664815978
2024,277562.71578390547
2025,340903.68729881535
2026,173239.31421770973
2027,156931.08608865016
2028,152531.13144814214
2029,166728.24485610033
2030,261064.9429341492
2031,236613.74484546453
2032,259231.44272487893
2033,252405.48390295007
2034,172210.67959649116
2035,213947.8497880127
2036,195230.72440827428
2037,198303.53647964913
2038,298531.84148506296
2039,234811.01265345546
2040,312499.3757322107
2041,280290.81929626374
2042,203360.83838188145
2043,171760.28042091767
2044,174578.0391637606
2045,202606.769565877
2046,139949.20323879062
2047,135519.2429433464
2048,145041.30992480498
2049,138551.72756302918
2050,174485.8675565662
2051,111953.12153390676
2052,128661.92494292205
2053,146823.03014974785
2054,88349.73342866944
2055,162668.5242986726
2056,144626.56787479142
2057,115813.45246997516
2058,214754.49852946983
2059,134158.43112073935
2060,170268.0565400165
2061,171360.32042274156
2062,129573.33596714964
2063,119020.71472365627
2064,135958.47699693163
2065,117950.31440716998
2066,170794.98844845698
2067,135492.70783772416
2068,139568.47256127253
2069,81739.76440454539
2070,108588.84300193054
2071,100959.01402083089
2072,119643.9187146983
2073,134371.39504351967
2074,173435.32572924905
2075,157307.88317076786
2076,124363.00904727733
2077,150457.6420557538
2078,126862.77346154617
2079,134355.64544792895
2080,112942.84829814841
2081,127313.944163384
2082,120819.13994485684
2083,146852.01059662446
2084,110228.36781002244
2085,112203.79725780182
2086,127727.9587832003
2087,117282.09013301786
2088,95523.62645936044
2089,83020.64264904792
2090,130081.30028174081
2091,109094.43494409099
2092,127998.71276659147
2093,127009.81297859094
2094,125836.22236249156
2095,145009.5342904425
2096,85561.24617103608
2097,98257.28250906248
2098,146985.52217199095
2099,55855.27297120626
2100,81652.57325902353
2101,118861.07675343401
2102,129589.08287871692
2103,101261.97000782672
2104,140988.01928030304
2105,136219.27059774275
2106,57087.58338205135
2107,206202.28906019562
2108,113690.72312466937
2109,111915.36812613542
2110,127770.29632878971
2111,141252.24306593358
2112,137831.22429243938
2113,114528.42586340188
2114,113500.5188289669
2115,156530.7395395726
2116,125946.23485340964
2117,146806.00708909647
2118,126348.45191506356
2119,110242.61616573017
2120,112706.7904006996
2121,87689.93021236944
2122,107113.39435188248
2123,94733.2811263101
2124,172402.21580185095
2125,129255.83170778448
2126,159123.40956857477
2127,158568.94029389814
2128,133032.83920914546
2129,90355.43214921856
2130,138102.90388461362
2131,143106.74477150603
2132,110794.93169229993
2133,129425.24657589791
2134,122276.8738138804
2135,97874.27223182702
2136,69173.34263788909
2137,111995.20375936705
2138,130079.80468508397
2139,148762.34275500017
2140,138655.33105878715
2141,161117.5314974871
2142,128103.96038892434
2143,145619.78921721215
2144,122281.49148372124
2145,138409.128619293
2146,169717.1665567386
2147,151287.45988811235
2148,132743.7337567006
2149,143459.53268306243
2150,233558.2099198883
2151,126903.63729028699
2152,175406.44609483294
2153,178007.70814479014
2154,99963.51788469325
2155,139276.86939499486
2156,258869.65308926755
2157,235669.22867350263
2158,248647.1116582929
2159,215318.31656287165
2160,186860.12649141706
2161,238977.85835019883
2162,417712.7453139522
2163,350017.5967675541
2164,262109.27583887737
2165,195065.72076961078
2166,155935.37843715996
2167,221955.6917066528
2168,188657.26667394102
2169,198688.18098821078
2170,213834.12679900625
2171,150229.8640140121
2172,137165.93022935736
2173,175285.02863209115
2174,223618.43745536095
2175,280880.24848472676
2176,312610.7242359626
2177,244123.6546292727
2178,215080.65532237326
2179,140877.0527011762
2180,223670.63211070385
2181,192783.70016612462
2182,223721.76746729686
2183,192003.04998131157
2184,125694.66312152376
2185,121377.42750461263
2186,145251.08820134
2187,154385.18031325628
2188,158192.79704182228
2189,265669.467662912
2190,81007.61705638125
2191,74326.09558438885
2192,89370.76087308725
2193,116220.2267467432
2194,107080.48101177518
2195,109555.87356477001
2196,105391.0391259564
2197,111148.46332121243
2198,158477.54435535788
2199,180877.36543846037
2200,142187.83078304553
2201,148646.0616488125
2202,195955.5943780822
2203,151840.31799642404
2204,175856.359596492
2205,119198.02181854926
2206,143797.8125697828
2207,212262.32624235153
2208,249615.25239980998
2209,219559.35518796634
2210,130016.5585578937
2211,122191.92473549247
2212,119998.62233185761
2213,105742.37583775955
2214,142479.57308865408
2215,106103.9481526713
2216,146567.63625350845
2217,72877.18231537467
2218,70681.06773292371
2219,69673.59839331121
2220,54677.60328723522
2221,329445.9426273644
2222,284005.0953934427
2223,285834.55123374716
2224,218585.23777391092
2225,131814.1020584238
2226,188599.56143547958
2227,203935.55003958105
2228,284829.69000948046
2229,250662.14825940685
2230,154158.6653660199
2231,225901.8147129856
2232,181888.4740378465
2233,182472.42096288793
2234,252975.8648519323
2235,229675.92411493394
2236,253526.45998247789
2237,313993.32142710657
2238,212966.27761300746
2239,108634.50575974022
2240,160448.5755862915
2241,151746.02531885536
2242,129289.48904452019
2243,125121.65155622367
2244,105181.45376266673
2245,112042.5207723027
2246,139976.50256763323
2247,125613.62131823094
2248,129404.65853790498
2249,126394.36751166134
2250,132189.8344139443
2251,118137.71729830615
2252,177009.15277638845
2253,164805.62231596428
2254,179765.34155382
2255,186162.30074602907
2256,178441.4106727644
2257,206792.13482425854
2258,158203.13305331566
2259,174736.70626783516
2260,154359.80885864072
2261,202784.19371237268
2262,216231.11835123
2263,354047.3146160125
2264,408410.11918420135
2265,160588.33142876718
2266,289761.8685609168
2267,353487.3932113212
2268,393449.5329362981
2269,154520.0322271483
2270,193641.9489790649
2271,216803.34654066345
2272,199229.82561411787
2273,164869.09061264084
2274,177466.69070935453
2275,147913.8746708282
2276,187467.4233641457
2277,174107.18866933257
2278,149566.7901710238
2279,131606.4080126286
2280,112053.26445931624
2281,164802.7399524981
2282,181912.96951170688
2283,110566.05938705274
2284,117178.72217393655
2285,143212.14618965564
2286,122271.01496342527
2287,357809.04118304414
2288,276474.3749965055
2289,360374.62390564266
2290,416882.9825062564
2291,345184.02565674845
2292,427404.63596900034
2293,464256.73550803016
2294,395615.90681496303
2295,437418.15975415224
2296,263853.78807794204
2297,358330.8867117554
2298,351007.8124668178
2299,362520.0454223416
2300,327584.60207018023
2301,317013.8587403324
2302,249837.349792591
2303,246047.7576748897
2304,249716.14034863503
2305,194620.55488889015
2306,188022.8039441033
2307,194866.11031744807
2308,220111.04664403643
2309,284438.32473736873
2310,220866.22557403782
2311,201906.01245517738
2312,180405.18643125994
2313,172677.52184288984
2314,176767.7487425865
2315,182682.8263539853
2316,199452.35063773062
2317,181390.64854453885
2318,180985.26617510006
2319,184749.54991539932
2320,191594.06239556547
2321,244748.60227389325
2322,183773.7831477772
2323,196090.9252862638
2324,185921.59440429337
2325,214566.6782612416
2326,181716.92681241018
2327,207680.1187365058
2328,230135.01440694198
2329,187097.1203987945
2330,178551.28197413727
2331,332957.8854552999
2332,374601.51370299567
2333,318155.9856795382
2334,267476.34925249004
2335,280091.61146059586
2336,311613.79336387396
2337,201699.94218684646
2338,266163.71022571635
2339,224539.5696991327
2340,366055.0897068912
2341,214770.62514426658
2342,230373.71230652364
2343,224673.91157166558
2344,225767.22851472406
2345,229599.72382205253
2346,218048.42980706698
2347,201304.17623312847
2348,238885.75466805923
2349,187149.88906496664
2350,303636.9826259635
2351,254575.94128172344
2352,242463.07657860615
2353,248690.9724334489
2354,150332.3569136925
2355,160088.2723826339
2356,155705.0889289467
2357,194517.9188020325
2358,198263.1553667181
2359,130388.76005604598
2360,116967.58169593246
2361,144916.17787768622
2362,252352.0449817414
2363,144041.21580690643
2364,164779.26911465096
2365,208769.67542977794
2366,200332.58042527898
2367,219860.91173378564
2368,217308.52559517193
2369,217447.81479836977
2370,168656.8346433601
2371,163495.52528860894
2372,185440.2424259322
2373,278108.9887232516
2374,296525.0113039691
2375,252001.07233025515
2376,296164.62753929093
2377,328623.91515367833
2378,149197.15106396854
2379,202412.47666796902
2380,139720.21860619093
2381,164456.76706351305
2382,205553.6046705985
2383,199998.70885432744
2384,238732.37160973618
2385,164512.3776259788
2386,135706.48503393622
2387,132263.63564314516
2388,109279.54745637311
2389,127936.63620163605
2390,153080.43654669166
2391,146316.66713657245
2392,113180.72194235999
2393,166248.64145541043
2394,149447.6082511331
2395,207654.84334736608
2396,143050.33356974897
2397,210205.9369138488
2398,136491.53001333727
2399,66252.18924087886
2400,63514.39936972316
2401,118271.31131613516
2402,137005.09348272556
2403,143875.66949709135
2404,151135.80659274204
2405,153390.219043227
2406,142003.3526046442
2407,128237.50893525395
2408,143665.41189449292
2409,122241.92999987231
2410,169131.94307565835
2411,118346.95760516878
2412,157179.91704122655
2413,127818.15929806385
2414,154913.88780559844
2415,135289.69975832535
2416,129681.20814334761
2417,139901.66125033124
2418,135736.37604529815
2419,123402.54136619763
2420,129200.285787378
2421,158708.06411767914
2422,114049.12406593689
2423,132395.78115793117
2424,148280.0504755716
2425,216127.42849514293
2426,133664.11449673818
2427,135317.7937820761
2428,183092.31964862449
2429,109054.72526105816
2430,133691.18056321162
2431,115521.13678772234
2432,147233.64870873996
2433,148335.92925144106
2434,139419.4766225677
2435,154970.08879097883
2436,112458.59933500167
2437,99838.77946490797
2438,120013.60477662916
2439,104443.07955020427
2440,121620.89846842007
2441,96528.99449486236
2442,97379.48379306683
2443,133101.39477544551
2444,123832.24852194572
2445,83257.83722844625
2446,131096.34164526188
2447,197029.13002060636
2448,140600.41042180947
2449,112176.79949168129
2450,149638.51113325107
2451,125829.47417680628
2452,202088.5851828948
2453,98214.86003817801
2454,122138.466503166
2455,124162.03974941964
2456,127012.95362204214
2457,127464.61650708789
2458,136355.54534120124
2459,109002.20643206332
2460,146148.34885794908
2461,120952.92048736614
2462,129227.07453631746
2463,124759.36103699947
2464,176263.10379995778
2465,133906.9350305646
2466,114552.91193582784
2467,137116.50249135797
2468,89055.26726601318
2469,82202.53337182647
2470,189804.36952511535
2471,212033.31270933163
2472,166643.391287295
2473,108882.01087141328
2474,77975.52849991762
2475,206655.4436899311
2476,104233.3616841743
2477,116031.53904570077
2478,146542.46269798552
2479,106774.30731986037
2480,159437.33549614015
2481,127672.12284326725
2482,122575.54567385813
2483,110583.90666474152
2484,125373.34519122868
2485,126411.38339625504
2486,147728.74474897515
2487,195901.5644657985
2488,164241.73733247124
2489,156074.49364903697
2490,147779.1626332287
2491,95286.54937340648
2492,192288.0566417367
2493,156588.65305577999
2494,154117.68142932028
2495,80941.6162924696
2496,227401.3371197186
2497,148214.71600080535
2498,116324.36175708962
2499,84639.33002448503
2500,125236.91069766803
2501,133508.42145336012
2502,137119.36682396007
2503,97924.7659070767
2504,175747.04865181737
2505,225789.60809703206
2506,255405.34395250096
2507,285174.61351160123
2508,254847.20351120736
2509,224844.11538520042
2510,219977.93283702474
2511,176815.77580599906
2512,211049.5064050936
2513,217776.95988268126
2514,255023.49557075393
2515,150663.9501109349
2516,173589.7037260947
2517,145662.2063338526
2518,158212.66207464607
2519,237399.94344313716
2520,222583.01621066488
2521,190336.14881252105
2522,221926.66944928723
2523,113988.14944674185
2524,143358.76762929515
2525,144268.4355217066
2526,139186.36562250197
2527,124037.21312128133
2528,133686.70977321465
2529,149112.79499669003
2530,125474.58749429864
2531,258602.46754109053
2532,220193.5138941855
2533,202303.3479106135
2534,236766.32764603995
2535,278172.3355375597
2536,229783.93112497218
2537,252461.5825273131
2538,186463.1843045418
2539,187275.3502023409
2540,180765.19622236054
2541,184728.5148698299
2542,167889.1698344929
2543,123121.11881730056
2544,116481.17810553295
2545,135070.3500978552
2546,126841.2746763154
2547,144963.99180128443
2548,164190.08239641876
2549,159600.64842472173
2550,384329.423831427
2551,143635.37466860443
2552,125131.22039805286
2553,70479.33302744282
2554,96678.59574103937
2555,110588.48525210554
2556,100605.89715199401
2557,112311.02417725074
2558,169171.78104854783
2559,139857.31756670366
2560,154237.01991961425
2561,154627.3101015792
2562,143292.5733740139
2563,146515.40229305354
2564,204581.1069856646
2565,162271.9408995823
2566,154911.984571734
2567,133919.05872079224
2568,198944.14553278667
2569,203221.29876485403
2570,125696.9820298333
2571,189187.28278316217
2572,166342.08385827023
2573,213307.87975024548
2574,297417.111742558
2575,133171.59713412033
2576,126633.523766826
2577,155466.15415949194
2578,79294.8145696243
2579,57456.98248665138
2580,108690.05673181269
2581,123374.18923616562
2582,110660.31461138232
2583,277897.7032082024
2584,161082.98532612642
2585,189394.9848678528
2586,217184.0071404153
2587,203223.88735848776
2588,137964.16252164615
2589,146678.2815721845
2590,211983.8310546326
2591,218936.0296015938
2592,216799.72360513837
2593,261757.27713017137
2594,175873.15729294007
2595,209842.40231665806
2596,296542.2108690941
2597,196612.41835453516
2598,283863.8346184697
2599,323738.44671009644
2600,196943.33130454188
2601,147518.04922313362
2602,84106.27028980567
2603,95868.91721324921
2604,92790.69967260884
2605,80129.13616598316
2606,146451.625901831
2607,203333.16972457187
2608,195722.4475971076
2609,164756.52500249352
2610,113178.35332132159
2611,123189.75093187706
2612,154907.6407268409
2613,132765.16170922155
2614,122101.76923454239
2615,157362.3838900422
2616,154757.7878465154
2617,182850.70867212547
2618,207515.33190516898
2619,192473.82312313234
2620,188110.8740513524
2621,177358.84580296514
2622,179255.24691398782
2623,239959.14770463615
2624,296942.9002103802
2625,278521.0537223981
2626,169711.66118422092
2627,171251.11151160498
2628,444125.1941961628
2629,460933.5945844267
2630,364907.44535231113
2631,433307.46714317997
2632,398294.8961470275
2633,295251.49609106814
2634,400755.5140658401
2635,153540.10882398885
2636,177711.1273319539
2637,196961.0419038009
2638,258513.94088317157
2639,180274.5308434936
2640,153315.92574333763
2641,104301.57081859036
2642,185051.8007342757
2643,106755.62506913512
2644,122839.54657726326
2645,109330.52003082918
2646,97304.14166889027
2647,109670.60932118964
2648,141461.5687216423
2649,145667.4403553305
2650,136436.13963587055
2651,141232.2267720893
2652,404830.29033135006
2653,252966.63700423425
2654,264742.4421998727
2655,395163.93145355175
2656,333898.18192887795
2657,344287.0609106156
2658,299027.91877457587
2659,322894.203748016
2660,349951.3905030159
2661,345098.8242517181
2662,360574.3387086291
2663,282365.0941062411
2664,281359.2484546726
2665,325054.5827861453
2666,284621.9992351153
2667,175729.9679399617
2668,186816.50507870453
2669,179583.9924036778
2670,280659.15564852295
2671,191578.34080675678
2672,191140.29258331106
2673,198369.67261091288
2674,198604.33496565878
2675,184851.49337108067
2676,191234.90630989632
2677,193891.46997048616
2678,255116.29639877443
2679,279718.00227745716
2680,283310.91596984526
2681,384604.8663710863
2682,318604.5734100142
2683,467061.65439382585
2684,322788.52268914296
2685,325461.6847079388
2686,242565.2858107232
2687,301586.28474221774
2688,216072.29257868606
2689,208677.3335564742
2690,403349.9530659971
2691,187482.24443616107
2692,148551.9709962404
2693,201285.37142562622
2694,147056.71658928075
2695,196404.71994385918
2696,187289.2415136422
2697,185679.17593107195
2698,199948.8039533853
2699,170798.20800796337
2700,154264.34467948513
2701,151344.87906403336
2702,112063.59708336447
2703,132689.56568927263
2704,142657.3105996429
2705,116481.69149769381
2706,108246.46825304476
2707,120690.46166258838
2708,134484.73226590655
2709,109104.6258035719
2710,131373.68497797078
2711,304531.41937964084
2712,373638.8998159103
2713,169138.95356252734
2714,149235.65675575315
2715,165103.84886401676
2716,150225.4454204798
2717,189779.6838689498
2718,214866.2404672286
2719,149002.97542751837
2720,172279.651888928
2721,130956.09214703817
2722,157705.22169531573
2723,143783.3495864307
2724,128231.02960669927
2725,131795.6589038481
2726,137286.5193656931
2727,168335.55349811583
2728,179942.9705687208
2729,146673.83821768602
2730,140754.52267303708
2731,136395.03371051778
2732,130823.18825370751
2733,155136.94173883906
2734,137088.08729281963
2735,133582.2065402032
2736,142221.6142972499
2737,121288.97350015446
2738,135614.17338562143
2739,155600.40686415555
2740,134217.55514189808
2741,142149.27374878118
2742,155083.69242285975
2743,145834.60988881614
2744,158782.11846872504
2745,141458.94011755212
2746,137120.74675561843
2747,160007.1445326272
2748,124614.72289531975
2749,133506.88314776216
2750,127695.2746873529
2751,137695.45531013646
2752,221105.74945084404
2753,151685.86618707466
2754,215783.2241943624
2755,136032.09527959034
2756,93988.83158272368
2757,78031.46771352206
2758,90558.2446153352
2759,162088.80876047982
2760,131599.2783452534
2761,138375.21039926444
2762,139156.0002323552
2763,179001.01224675475
2764,161557.59177288145
2765,272433.70015053614
2766,128211.39888686556
2767,88269.16497418334
2768,134388.80008474097
2769,139240.30761791815
2770,145367.23703071015
2771,110580.95544769487
2772,109764.1830358711
2773,166773.45755495856
2774,134100.97052383638
2775,115237.9923923456
2776,140224.8400718221
2777,148949.7643232359
2778,114163.38115739227
2779,130267.41303518368
2780,95979.77157178141
2781,94212.11105336391
2782,95765.43958847698
2783,98972.79848972852
2784,125104.20539713782
2785,135056.22579188616
2786,69205.34402225698
2787,124397.65194036122
2788,76426.2833510506
2789,178085.2288405974
2790,92498.12038687301
2791,112579.07981755433
2792,56790.2216922708
2793,151313.31106374614
2794,101142.38149781316
2795,115999.99212249866
2796,103980.89672638054
2797,190512.62010953057
2798,117677.36711890306
2799,111572.57453225172
2800,70318.21115559834
2801,115269.6070264955
2802,127404.23911188685
2803,156381.9728095565
2804,139477.69161429335
2805,103692.7537528199
2806,85731.07300647686
2807,163237.88200931554
2808,151888.25556583854
2809,126369.37246282857
2810,130288.11346337222
2811,167041.45997164142
2812,169256.5756748933
2813,164656.05260672257
2814,153189.87344014685
2815,102706.01995326752
2816,221431.6566776415
2817,153690.67762103688
2818,123764.09918350357
2819,185183.0971386307
2820,140180.90642467845
2821,111467.19763763696
2822,190106.29380691014
2823,288750.0049099031
2824,180980.73259335145
2825,167023.22361889933
2826,128677.27634616985
2827,133424.37128385663
2828,241635.4904400588
2829,193933.9883175281
2830,226110.53392811609
2831,184639.57944753714
2832,242013.36659945443
2833,311231.2416084504
2834,221939.55900389224
2835,222376.67349831946
2836,193119.66914264785
2837,160963.07122498413
2838,145202.2670947767
2839,177020.50104141244
2840,195654.10969218065
2841,203268.04291864342
2842,222255.46537033064
2843,149419.37081692947
2844,158535.83358694144
2845,123931.51683670486
2846,210280.99924471887
2847,207533.45431095368
2848,211169.5766286615
2849,201957.37532806495
2850,281912.60427645023
2851,215730.87490773498
2852,226729.6134171578
2853,236708.82765716192
2854,145249.75755525238
2855,202739.65155293123
2856,204403.07639599906
2857,188882.605799244
2858,205537.2158921886
2859,108627.77958333185
2860,124214.13279708462
2861,125893.99002390244
2862,193299.90882209197
2863,132753.35771518128
2864,252427.19696995805
2865,146957.1481724886
2866,139526.30088372697
2867,94939.25725523559
2868,95841.62581527632
2869,97648.65387348837
2870,131876.36919637505
2871,81567.78977314492
2872,39757.22620107845
2873,92353.75989251047
2874,138341.53096577042
2875,105644.89306949271
2876,165225.25386848708
2877,141276.3660706983
2878,154313.67033157934
2879,133696.5891274581
2880,100746.54504428437
2881,146369.22400740877
2882,178631.4601520736
2883,184800.13425839564
2884,201754.798426146
2885,181731.27395138936
2886,221088.39302499918
2887,100315.54042905249
2888,135331.47481180186
2889,52304.45176678899
2890,85111.00825548319
2891,133792.88451175604
2892,42950.51299182343
2893,78904.20603134429
2894,44185.56335532243
2895,324471.0649152271
2896,282276.64958789793
2897,208474.0758568195
2898,149432.9606643441
2899,218370.56847611498
2900,152582.05283144518
2901,203741.13363748032
2902,187050.67890060224
2903,322686.7452348689
2904,356246.20949998935
2905,94377.90979568957
2906,208129.8193271055
2907,110155.59400808462
2908,129668.41938307954
2909,147938.30430635877
2910,79830.66424391662
2911,83311.51081664297
2912,151487.67417896842
2913,82603.34011601063
2914,80018.77294956685
2915,85054.87046305787
2916,85010.56047801109
2917,170861.64948553513
2918,112416.21422272784
2919,232223.76863000268
